code,system
14AD.00,readv2
14AN.00,readv2
212R.00,readv2
3272.00,readv2
3283.00,readv2
662S.00,readv2
6A9..00,readv2
7936A00,readv2
7L1H.13,readv2
7L1H700,readv2
9Os..00,readv2
9Os0.00,readv2
9Os1.00,readv2
9Os2.00,readv2
G573.00,readv2
G573000,readv2
G573200,readv2
G573300,readv2
G573400,readv2
G573z00,readv2
G574.00,readv2
G574000,readv2
G574011,readv2
G574z00,readv2
14AP.00,readv2
14AQ.00,readv2
14AR.00,readv2
14S4.00,readv2
329..00,readv2
329Z.00,readv2
G57y.14,readv2
29B2.00,readv2
29B3.00,readv2
29B4.00,readv2
29B2.11,readv2
29B2000,readv2
29B2100,readv2
29B8.00,readv2
29B9.00,readv2
29BA.00,readv2
29H2.00,readv2
29H8.00,readv2
29H9.00,readv2
29H3.00,readv2
29HB.00,readv2
29H4.00,readv2
29HA.00,readv2
29H6.00,readv2
29H7.00,readv2
2G51000,readv2
327..00,readv2
328..00,readv2
328Z.00,readv2
7L1H300,readv2
F256000,readv2
G559.00,readv2
G57..00,readv2
G57..11,readv2
G57y.00,readv2
G57yA00,readv2
G57yz00,readv2
G57z.00,readv2
Gyu5a00,readv2
3273.00,readv2
G573100,readv2
3274.00,readv2
G570000,readv2
G570100,readv2
G570200,readv2
G572000,readv2
G572z00,readv2
327Z.00,readv2
3282.00,readv2
3295.00,readv2
3296.00,readv2
3298.00,readv2
G570.00,readv2
G570z00,readv2
G571.00,readv2
G571.11,readv2
G574100,readv2
G57y900,readv2
3293.00,readv2
662D.11,readv2
662J000,readv2
7936.00,readv2
7936.11,readv2
7936000,readv2
7936500,readv2
7936511,readv2
7936600,readv2
7936700,readv2
7936800,readv2
7936900,readv2
7936C00,readv2
7936D00,readv2
7936E00,readv2
7936G00,readv2
7936H00,readv2
7936J00,readv2
7936K00,readv2
7936100,readv2
7936400,readv2
7936F00,readv2
F254300,readv2
7936200,readv2
7936300,readv2
7936B00,readv2
7936y00,readv2
7936z00,readv2
7L1H.11,readv2
7L1H800,readv2
7L1H.12,readv2
7L1H000,readv2
7L1H100,readv2
7L1H111,readv2
7L1H200,readv2
9Os3.00,readv2
9Os4.00,readv2
9hF..00,readv2
9hF0.00,readv2
9hF1.00,readv2
A531200,readv2
F300.00,readv2
F301000,readv2
C106.00,readv2
C106z00,readv2
C106.12,readv2
C106.13,readv2
C108B11,readv2
C109A11,readv2
C109B11,readv2
C10EB00,readv2
C10EC00,readv2
C10EC11,readv2
C10FA00,readv2
C10FA11,readv2
C10FB00,readv2
C10FB11,readv2
F366.00,readv2
F372.00,readv2
F372.11,readv2
F372.12,readv2
F372200,readv2
F373.00,readv2
F374.00,readv2
F374z00,readv2
F375.00,readv2
F3y0.00,readv2
Fyu6A00,readv2
Fyu6B00,readv2
Fyu6D00,readv2
M271100,readv2
C108211,readv2
C109211,readv2
C109212,readv2
C10E200,readv2
C10F200,readv2
C10F211,readv2
C108B00,readv2
C108C00,readv2
C108J00,readv2
C109A00,readv2
C109B00,readv2
C109F00,readv2
C10E312,readv2
C10EC12,readv2
C108J11,readv2
C10FH00,readv2
N035.00,readv2
N035.11,readv2
C109F11,readv2
C109F12,readv2
G73y000,readv2
C10E212,readv2
C10E300,readv2
C10F300,readv2
C10F311,readv2
F132100,readv2
F251100,readv2
F152.00,readv2
F152z00,readv2
F152000,readv2
F250 A,readv2
F2510,readv2
F256100,readv2
F258.00,readv2
F25z.11,readv2
F25..00,readv2
F250100,readv2
F254000,readv2
F254200,readv2
F255100,readv2
F255200,readv2
F255500,readv2
F257.00,readv2
F25B.00,readv2
F25C.00,readv2
F25D.00,readv2
F25E.00,readv2
F25F.00,readv2
F25y000,readv2
F25y100,readv2
F25y400,readv2
F25z.00,readv2
SC20000,readv2
F250.00,readv2
F250y00,readv2
F250z00,readv2
F251.00,readv2
F251y00,readv2
F251z00,readv2
F250000,readv2
F252.00,readv2
F250011,readv2
F250200,readv2
F250300,readv2
F251300,readv2
F253.11,readv2
F254400,readv2
F254500,readv2
F25X.00,readv2
F25y300,readv2
F250400,readv2
F25A.00,readv2
F250500,readv2
F251000,readv2
F251600,readv2
F253.00,readv2
F251011,readv2
F251200,readv2
F251400,readv2
F251500,readv2
F251111,readv2
F254.00,readv2
F254z00,readv2
F255.00,readv2
F255y00,readv2
F255z00,readv2
F254100,readv2
F255012,readv2
F255000,readv2
F255011,readv2
F255300,readv2
F255400,readv2
F255311,readv2
F255600,readv2
F256.00,readv2
F256z00,readv2
F259.00,readv2
F256.11,readv2
F256.12,readv2
F259.11,readv2
F25y.00,readv2
F25yz00,readv2
F25y200,readv2
F25y500,readv2
F301.00,readv2
F301z00,readv2
F345000,readv2
F35z000,readv2
F370100,readv2
F367.00,readv2
Fyu7.00,readv2
F371200,readv2
N035.12,readv2
F372000,readv2
F372100,readv2
N242300,readv2
F37z.11,readv2
Fyu6C00,readv2
Fyu7200,readv2
Fyu7C00,readv2
G572.00,readv2
N242000,readv2
G570300,readv2
G57y600,readv2
G572100,readv2
G573500,readv2
G575200,readv2
G575300,readv2
G57y000,readv2
G57y100,readv2
G57y200,readv2
G57y300,readv2
G57y400,readv2
N242.00,readv2
N242z00,readv2
N242z11,readv2